,City,Lat,Lng,Max Temp,Humidity,Cloudiness,Wind Speed,Country,Date
0,Pochutla,15.7432,-96.4661,88.83,59,99,7.54,MX,1635106966
1,Bluff,-46.6,168.3333,52.86,92,92,5.99,NZ,1635106718
2,Saint Paul Harbor,57.79,-152.4072,42.93,86,30,7.78,US,1635106967
3,Airai,-8.9266,125.4092,61.09,86,98,1.39,TL,1635106889
4,Avarua,-21.2078,-159.775,73.45,68,75,11.5,CK,1635106797
5,Skibbereen,51.55,-9.2667,49.8,82,7,16.37,IE,1635106968
6,Norman Wells,65.282,-126.8329,23.04,93,90,3.44,CA,1635106968
7,Morden,49.1919,-98.1014,46.06,75,100,5.75,CA,1635106730
8,Bandarbeyla,9.4942,50.8122,78.62,78,27,8.43,SO,1635106969
9,Butaritari,3.0707,172.7902,81.32,73,83,4.59,KI,1635106969
10,Oriximiná,-1.7656,-55.8661,88.61,56,73,4.32,BR,1635106970
11,Dikson,73.5069,80.5464,7.81,85,100,18.92,RU,1635106963
12,Saint-Philippe,-21.3585,55.7679,72.99,85,43,15.99,RE,1635106754
13,Portland,45.5234,-122.6762,59.58,85,100,1.99,US,1635106777
14,Ushuaia,-54.8,-68.3,33.46,93,75,28.77,AR,1635106954
15,Vulcan,45.3833,23.2667,35.24,66,1,2.51,RO,1635106971
16,Tabuk,17.4189,121.4443,72.23,93,81,2.28,PH,1635106971
17,Arona,28.0996,-16.681,66.83,67,75,12.66,ES,1635106972
18,Cabo San Lucas,22.8909,-109.9124,90.61,61,20,10.36,MX,1635106778
19,Pisco,-13.7,-76.2167,68.05,64,0,21.85,PE,1635106972
20,Tiksi,71.6872,128.8694,1.76,99,100,6.26,RU,1635106973
21,Port Alfred,-33.5906,26.891,59.95,73,21,11.14,ZA,1635106867
22,Puerto Ayora,-0.7393,-90.3518,78.76,85,100,10.78,EC,1635106973
23,Geraldton,-28.7667,114.6,65.12,88,75,9.22,AU,1635106974
24,Tasiilaq,65.6145,-37.6368,32.16,88,100,38.99,GL,1635106934
25,Port Macquarie,-31.4333,152.9167,59.9,80,76,0.09,AU,1635106974
26,Laguna,38.421,-121.4238,64.02,92,90,5.01,US,1635106963
27,Kapaa,22.0752,-159.319,80.92,75,75,1.01,US,1635106887
28,Kruisfontein,-34.0033,24.7314,52.88,78,0,3.33,ZA,1635106976
29,Sitka,57.0531,-135.33,51.69,54,40,0.0,US,1635106976
30,Terråk,65.087,12.3715,46.27,96,100,8.46,NO,1635106977
31,Hilo,19.7297,-155.09,79.29,88,45,4.0,US,1635106852
32,Kiama,-34.6833,150.8667,54.37,90,6,2.68,AU,1635106822
33,Punta Arenas,-53.15,-70.9167,46.51,39,75,28.77,CL,1635106977
34,Halifax,44.6453,-63.5724,50.22,63,6,4.0,CA,1635106978
35,Cherskiy,68.75,161.3,-14.08,99,36,5.23,RU,1635106978
36,Broken Hill,-31.95,141.4333,49.55,44,0,9.84,AU,1635106979
37,Spirovo,57.419,34.9766,29.39,84,20,6.15,RU,1635106979
38,Japura,-0.3167,102.35,73.58,98,97,0.94,ID,1635106980
39,Lebu,-37.6167,-73.65,57.51,80,12,9.4,CL,1635106980
40,Oussouye,12.485,-16.5469,84.38,84,100,4.88,SN,1635106981
41,Forsytheganj,52.6333,29.7333,33.15,75,59,5.86,BY,1635106981
42,Vaini,-21.2,-175.2,77.16,78,20,10.36,TO,1635106859
43,Bosobolo,4.1833,19.9,72.59,96,100,2.04,CD,1635106982
44,Rikitea,-23.1203,-134.9692,74.79,70,55,16.04,PF,1635106712
45,Dannenberg,53.0967,11.09,45.14,75,21,6.67,DE,1635106983
46,Busselton,-33.65,115.3333,56.05,82,100,12.33,AU,1635106984
47,San Patricio,28.017,-97.5169,93.29,45,0,7.92,US,1635106984
48,Ponta do Sol,32.6667,-17.1,70.72,71,97,5.75,PT,1635106767
49,Santiago del Estero,-27.7951,-64.2615,86.81,15,0,11.39,AR,1635106773
50,Port Blair,11.6667,92.75,79.92,80,68,4.59,IN,1635106985
51,Talnakh,69.4865,88.3972,25.3,97,100,7.27,RU,1635106985
52,Galesong,-5.3166,119.3661,75.22,75,29,4.9,ID,1635106986
53,Djibo,14.1022,-1.6306,90.01,34,14,7.49,BF,1635106987
54,Longyearbyen,78.2186,15.6401,22.84,68,75,5.75,SJ,1635106897
55,Barrow,71.2906,-156.7887,28.42,80,90,5.75,US,1635106896
56,Carnarvon,-24.8667,113.6333,68.07,68,75,16.11,AU,1635106987
57,Saint George,37.1041,-113.5841,70.63,37,1,1.01,US,1635106988
58,Russell,32.3502,-85.1999,76.28,60,20,0.0,US,1635106988
59,Niquero,20.0431,-77.5828,84.97,65,100,0.67,CU,1635106989
60,Mago,53.2514,140.1822,26.42,96,54,1.61,RU,1635106989
61,Albany,42.6001,-73.9662,57.09,62,99,1.99,US,1635106990
62,Richards Bay,-28.783,32.0377,64.49,66,80,6.15,ZA,1635106819
63,Kandi,11.1342,2.9386,79.9,59,43,3.94,BJ,1635106990
64,Bredasdorp,-34.5322,20.0403,52.29,74,0,5.64,ZA,1635106991
65,Lagoa,39.05,-27.9833,66.0,71,9,11.45,PT,1635106991
66,Torbay,47.6666,-52.7314,57.67,89,75,26.46,CA,1635106991
67,Felanitx,39.4696,3.1483,66.96,79,26,6.96,ES,1635106992
68,Tura,25.5198,90.2201,66.4,97,1,2.93,IN,1635106992
69,Luganville,-15.5333,167.1667,79.39,83,48,6.98,VU,1635106993
70,Atuona,-9.8,-139.0333,77.99,69,3,17.34,PF,1635106858
71,Salalah,17.0151,54.0924,77.09,78,0,3.44,OM,1635106719
72,Mataura,-46.1927,168.8643,55.49,86,99,1.79,NZ,1635106711
73,Mar del Plata,-38.0023,-57.5575,69.82,28,0,17.27,AR,1635106994
74,Bilibino,68.0546,166.4372,-20.72,100,95,3.4,RU,1635106995
75,Hobart,-42.8794,147.3294,48.06,72,90,1.01,AU,1635106995
76,Batetskiy,58.6461,30.3027,30.45,85,43,4.14,RU,1635106996
77,Bengkulu,-3.8004,102.2655,75.0,90,97,4.03,ID,1635106996
78,Chicama,-7.8447,-79.1469,63.14,60,11,10.56,PE,1635106997
79,Hong Kong,22.2855,114.1577,69.33,74,14,1.99,HK,1635106748
80,Provideniya,64.3833,-173.3,24.91,58,0,11.18,RU,1635106997
81,Dalvik,65.9702,-18.5286,37.33,99,100,12.3,IS,1635106998
82,Gweta,-20.1833,25.2333,85.05,25,5,10.85,BW,1635106998
83,Cayenne,4.9333,-52.3333,84.24,85,75,5.99,GF,1635106999
84,Husavik,66.0449,-17.3389,37.31,98,100,13.31,IS,1635106992
85,Ati,13.2154,18.3353,91.96,19,6,8.05,TD,1635107000
86,Dalbandin,28.8947,64.4101,62.47,14,0,1.9,PK,1635107000
87,Honiara,-9.4333,159.95,79.52,83,7,2.89,SB,1635107001
88,Beloha,-25.1667,45.05,71.78,87,67,10.96,MG,1635106952
89,Arrondissement de Bastia,42.6667,9.3333,63.3,65,0,1.01,FR,1635107001
90,Lorengau,-2.0226,147.2712,80.62,80,69,7.83,PG,1635106871
91,Hobyo,5.3505,48.5268,79.88,80,88,11.16,SO,1635107002
92,Maïné Soroa,13.2114,12.0241,90.57,16,10,7.29,NE,1635107002
93,Noumea,-22.2763,166.4572,73.99,99,6,8.95,NC,1635107003
94,Samarai,-10.6167,150.6667,81.18,81,36,11.01,PG,1635107003
95,Nome,64.5011,-165.4064,30.27,86,75,3.44,US,1635106805
96,Kushiro,42.975,144.3747,45.43,83,0,1.16,JP,1635107004
97,Mahébourg,-20.4081,57.7,74.25,78,40,11.5,MU,1635106710
98,Te Anau,-45.4167,167.7167,52.65,96,100,0.76,NZ,1635106855
99,Finnsnes,69.2296,17.9811,32.76,84,100,6.58,NO,1635107005
100,Awjilah,29.1081,21.2869,77.43,28,18,10.74,LY,1635107005
101,Santa,17.486,120.4348,75.11,84,98,4.23,PH,1635106826
102,Tucumã,-0.1833,-50.05,87.24,61,29,9.64,BR,1635107006
103,George Town,5.4112,100.3354,77.95,95,20,0.0,MY,1635107006
104,Saskylakh,71.9167,114.0833,-12.33,100,74,4.56,RU,1635106768
105,Paamiut,61.994,-49.6678,31.44,40,0,13.87,GL,1635107007
106,Ribeira Grande,38.5167,-28.7,64.8,72,20,1.14,PT,1635106881
107,Tuatapere,-46.1333,167.6833,55.09,94,99,3.4,NZ,1635107008
108,Mezen',65.8522,44.24,28.22,83,89,11.48,RU,1635107008
109,Musoma,-1.5,33.8,75.18,65,95,2.24,TZ,1635107009
110,Tabira,-7.5908,-37.5394,90.37,28,84,5.66,BR,1635107009
111,Flin Flon,54.7682,-101.865,40.84,65,75,11.5,CA,1635107010
112,Javānrūd,34.7961,46.5172,50.67,34,0,3.8,IR,1635107010
113,Castro,-24.7911,-50.0119,61.36,87,95,3.42,BR,1635107011
114,Santa María del Oro,25.9333,-105.3667,79.32,16,0,3.27,MX,1635107011
115,Rusape,-18.5278,32.1284,62.04,92,69,13.82,ZW,1635107011
116,Ostrovnoy,68.0531,39.5131,34.39,66,84,20.65,RU,1635106869
117,Cidreira,-30.1811,-50.2056,68.34,50,0,10.29,BR,1635107012
118,Zabul Province,32.25,67.25,46.98,19,0,4.23,AF,1635107013
119,Hermanus,-34.4187,19.2345,58.89,69,0,10.07,ZA,1635106718
120,Comodoro Rivadavia,-45.8667,-67.5,71.46,26,100,50.64,AR,1635107013
121,Marathon,44.9,-89.7668,49.19,64,90,1.99,US,1635107014
122,Port Hedland,-20.3167,118.5667,66.25,68,78,5.75,AU,1635107014
123,Chokurdakh,70.6333,147.9167,-7.62,99,100,3.04,RU,1635107015
124,Islamkot,24.6997,70.177,77.59,57,0,8.99,PK,1635107015
125,Moose Factory,51.2585,-80.6094,41.0,87,90,4.61,CA,1635107016
126,Muravlenko,63.7898,74.523,23.85,90,41,14.0,RU,1635107016
127,Jamestown,42.097,-79.2353,52.52,89,90,3.0,US,1635106883
128,Necochea,-38.5473,-58.7368,65.28,47,10,7.16,AR,1635107017
129,Banes,20.9625,-75.7186,92.01,64,33,10.63,CU,1635107017
130,Ulaangom,49.9811,92.0667,32.38,72,21,1.45,MN,1635107018
131,Fes,34.0372,-4.9998,64.65,36,0,6.91,MA,1635106890
132,Mbanza-Ngungu,-5.25,14.8667,72.48,85,80,2.8,CD,1635107018
133,Charlestown,-32.95,151.6667,61.74,82,51,3.18,AU,1635107019
134,Touros,-5.1989,-35.4608,83.3,71,48,14.29,BR,1635107019
135,Waipawa,-41.4122,175.5153,57.83,85,85,5.93,NZ,1635107020
136,Upernavik,72.7868,-56.1549,16.27,67,94,8.41,GL,1635107020
137,Tuktoyaktuk,69.4541,-133.0374,30.2,93,75,0.0,CA,1635107020
138,Quelimane,-17.8786,36.8883,78.75,89,20,14.97,MZ,1635107021
139,Olafsvik,64.8945,-23.7142,41.86,86,100,19.3,IS,1635107022
140,San Policarpo,12.1791,125.5072,78.76,84,100,5.68,PH,1635107022
141,Tahe,52.3333,124.7333,32.61,82,9,2.98,CN,1635107023
142,Beira,-19.8436,34.8389,76.86,89,30,11.07,MZ,1635107023
143,Qaanaaq,77.484,-69.3632,-3.05,60,0,11.59,GL,1635107023
144,Kilindoni,-7.9139,39.6668,78.6,77,0,11.79,TZ,1635107024
145,Yanam,16.7333,82.2167,75.7,73,82,3.94,IN,1635107024
146,Faanui,-16.4833,-151.75,76.44,88,100,12.1,PF,1635107025
147,Clyde River,70.4692,-68.5914,12.72,79,69,5.75,CA,1635107025
148,Batagay,67.6333,134.6333,6.12,97,100,2.66,RU,1635107026
149,Bahía Honda,22.9036,-83.1592,83.25,76,99,7.76,CU,1635107026
150,Huntsville,34.7304,-86.5861,77.86,55,1,1.99,US,1635107027
151,Esperance,-33.8667,121.9,67.96,35,100,24.32,AU,1635107027
152,Fairbanks,64.8378,-147.7164,26.22,92,90,0.0,US,1635106802
153,Flinders,-34.5833,150.8552,54.18,88,3,1.99,AU,1635107028
154,Kumul,42.8,93.45,45.55,38,0,6.76,CN,1635107028
155,Port Augusta,-32.5,137.7667,51.94,62,0,6.53,AU,1635107029
156,Pundaguitan,6.3711,126.1689,82.71,75,98,5.35,PH,1635107029
157,Bilma,18.6853,12.9164,86.88,11,0,7.58,NE,1635107030
158,Cabedelo,-6.9811,-34.8339,81.27,68,99,10.65,BR,1635107030
159,Pevek,69.7008,170.3133,6.24,94,100,3.22,RU,1635106758
160,Pemba,-12.974,40.5178,79.5,94,40,8.05,MZ,1635107031
161,Vardø,70.3705,31.1107,30.18,80,40,9.22,NO,1635107024
162,Klaksvík,62.2266,-6.589,50.92,90,97,24.34,FO,1635107032
163,Rockhampton,-23.3833,150.5,71.49,88,52,4.61,AU,1635107032
164,Kralendijk,12.15,-68.2667,85.98,66,75,18.41,BQ,1635107033
165,Bambous Virieux,-20.3428,57.7575,74.21,78,40,11.5,MU,1635106887
166,Adet,11.2644,37.4888,56.68,74,10,5.1,ET,1635107033
167,Charters Towers,-20.1,146.2667,68.11,88,29,5.84,AU,1635107034
168,Tocopilla,-22.092,-70.1979,64.47,62,21,7.07,CL,1635107034
169,Tacoronte,28.4769,-16.4102,67.26,70,20,3.0,ES,1635107035
170,Kumo,10.0447,11.2122,83.01,46,96,4.07,NG,1635107035
171,Hamilton,39.1834,-84.5333,71.78,94,1,1.01,US,1635106763
172,Yanacancha,-10.2411,-76.6456,60.4,30,8,14.03,PE,1635107036
173,Chui,-33.6971,-53.4616,66.4,48,1,8.41,UY,1635106948
174,Livingston,55.9029,-3.5226,53.96,82,40,12.66,GB,1635107037
175,Waingapu,-9.6567,120.2641,78.71,87,100,1.72,ID,1635107037
176,Mandalgovi,45.7625,106.2708,35.02,43,7,11.54,MN,1635106759
177,Changchun,43.88,125.3228,44.56,75,61,8.86,CN,1635107038
178,Nacala,-14.5428,40.6728,77.02,92,8,8.28,MZ,1635107038
179,Ust-Tsilma,65.441,52.1498,28.11,95,100,6.02,RU,1635107039
180,Pāsighāt,28.0667,95.3333,68.31,79,0,3.11,IN,1635107039
181,Yuzawa,39.1667,140.5,45.75,89,21,3.69,JP,1635107039
182,Berdigestyakh,62.0989,126.6992,30.09,98,100,5.86,RU,1635107040
183,Szczytno,53.5626,20.9875,31.93,100,90,3.44,PL,1635107024
184,Morococha,-11.5997,-76.1411,49.05,54,98,2.68,PE,1635107040
185,Yellowknife,62.456,-114.3525,42.42,80,90,25.32,CA,1635107041
186,Nabire,-3.3667,135.4833,75.02,92,100,4.05,ID,1635107042
187,Great Yarmouth,52.6083,1.7305,55.45,85,99,15.43,GB,1635107043
188,Fortuna,40.5982,-124.1573,56.93,91,20,8.01,US,1635107043
189,Nikolskoye,59.7035,30.7861,33.87,83,94,4.32,RU,1635107044
190,Sur,22.5667,59.5289,82.33,59,0,7.54,OM,1635107044
191,Port Elizabeth,-33.918,25.5701,57.49,82,40,6.91,ZA,1635106880
192,Schruns,47.0709,9.9475,43.48,100,0,5.84,AT,1635107045
193,Half Moon Bay,37.4636,-122.4286,64.89,93,90,29.93,US,1635106878
194,Bethel,41.3712,-73.414,58.93,68,90,8.05,US,1635106865
195,Yar-Sale,66.8333,70.8333,24.24,76,23,17.96,RU,1635107045
196,Kantunilkín,21.0917,-87.45,84.04,60,99,6.78,MX,1635107046
197,New Norfolk,-42.7826,147.0587,47.7,65,99,3.0,AU,1635106882
198,Svetlaya,46.5389,138.3297,42.89,65,0,5.75,RU,1635107046
199,Constitución,-35.3333,-72.4167,63.59,65,4,18.68,CL,1635106856
200,Pacific Grove,36.6177,-121.9166,67.42,85,100,1.01,US,1635107047
201,Goderich,43.7501,-81.7165,54.03,66,92,4.61,CA,1635107048
202,Arraial do Cabo,-22.9661,-42.0278,76.86,78,75,4.61,BR,1635107048
203,San Joaquin,37.9333,-121.3011,67.1,75,90,21.85,US,1635107048
204,Bajil,15.0584,43.2851,85.82,58,54,3.87,YE,1635107049
205,São Filipe,14.8961,-24.4956,79.63,67,27,8.03,CV,1635107049
206,Ciudad Bolivar,8.1222,-63.5497,84.6,66,100,13.0,VE,1635107050
207,Srednekolymsk,67.45,153.6833,-6.47,95,99,2.01,RU,1635107050
208,San Lazaro,18.0387,-88.6622,89.38,68,100,7.58,BZ,1635107051
209,Jijiga,9.35,42.8,63.54,56,1,6.22,ET,1635107051
210,The Valley,18.217,-63.0578,82.54,78,40,12.66,AI,1635106815
211,Sehithwa,-20.4667,22.7167,81.1,32,60,5.82,BW,1635107052
212,Martinsville,36.6915,-79.8725,78.28,45,1,6.91,US,1635107052
213,Roald,62.5833,6.1333,53.65,82,75,11.5,NO,1635106990
214,Solnechnyy,50.7214,136.6319,32.56,87,9,4.14,RU,1635107053
215,Hirara,24.8,125.2833,77.05,68,22,12.33,JP,1635107010
216,Batticaloa,7.7102,81.6924,78.35,78,100,3.98,LK,1635107054
217,Surin,14.8818,103.4936,68.74,84,84,10.11,TH,1635107054
218,Baruun-Urt,46.6806,113.2792,34.83,44,4,6.64,MN,1635107055
219,Ancud,-41.8697,-73.8203,59.43,82,92,16.46,CL,1635106868
220,Pangnirtung,66.1451,-65.7125,28.4,86,40,5.75,CA,1635106804
221,Santa Cruz de Barahona,18.2085,-71.1008,87.62,62,40,11.5,DO,1635107055
222,Ipu,-4.3222,-40.7108,85.44,54,57,6.93,BR,1635107056
223,Khani,41.9563,42.9566,44.17,84,77,2.59,GE,1635107057
224,Emba,48.8264,58.1442,47.98,46,100,8.03,KZ,1635107046
225,Pierre,44.3683,-100.351,45.05,87,90,8.01,US,1635106884
226,Nanortalik,60.1432,-45.2371,32.32,93,100,4.43,GL,1635107057
227,Rāhatgarh,23.7833,78.3667,68.52,57,0,1.63,IN,1635107058
228,Hay River,60.8156,-115.7999,42.78,75,75,10.36,CA,1635106854
229,High Level,58.5169,-117.136,39.31,93,90,9.22,CA,1635107058
230,Haringhāta,22.95,88.5667,80.51,75,87,4.27,IN,1635107059
231,Cape Town,-33.9258,18.4232,60.1,70,0,5.01,ZA,1635106924
232,Alice Springs,-23.7,133.8833,60.35,48,9,0.0,AU,1635107059
233,Namatanai,-3.6667,152.4333,79.3,80,84,5.73,PG,1635106871
234,Bintulu,3.1667,113.0333,77.41,100,40,2.3,MY,1635107060
235,Havøysund,70.9963,24.6622,29.28,78,81,12.21,NO,1635107060
236,Arari,-3.4536,-44.78,85.35,64,71,4.32,BR,1635107061
237,Sobolevo,54.4299,31.8996,29.89,85,26,5.84,RU,1635107061
238,Chik,54.9928,82.4311,46.18,81,0,11.18,RU,1635107062
239,Kahului,20.8947,-156.47,83.46,71,40,13.8,US,1635107062
240,Nokaneng,-19.6667,22.2667,77.49,42,14,8.84,BW,1635107063
241,Derzhavīnsk,51.1,66.3167,45.95,42,100,15.52,KZ,1635107063
242,Murmashi,68.8154,32.8115,21.61,93,0,2.24,RU,1635107064
243,Usinsk,65.9939,57.5281,22.75,96,100,7.25,RU,1635107054
244,Saint-Joseph,-21.3667,55.6167,71.98,82,44,13.11,RE,1635106925
245,Havre-St-Pierre,50.2334,-63.5986,50.0,87,90,6.91,CA,1635107064
246,Conde,-7.2597,-34.9075,80.06,74,20,11.5,BR,1635107065
247,Yulara,-25.2406,130.9889,58.84,55,0,4.61,AU,1635107065
248,Bridlington,54.0831,-0.1919,54.28,86,60,17.94,GB,1635107066
249,Ebeltoft,56.1944,10.6821,46.74,87,68,4.61,DK,1635107066
250,Almaznyy,48.0448,40.045,41.14,57,100,6.55,RU,1635107066
251,Louis Trichardt,-23.0439,29.9032,61.27,70,60,16.53,ZA,1635107067
252,Ramygala,55.5167,24.3,35.82,88,34,6.38,LT,1635107067
253,Ayagoz,47.9714,80.4392,36.79,43,5,6.71,KZ,1635107068
254,Yertsevo,60.7966,40.086,25.32,95,10,5.39,RU,1635107068
255,Borzya,50.3833,116.5167,28.83,80,100,1.68,RU,1635107069
256,Hasaki,35.7333,140.8333,50.4,51,34,6.6,JP,1635107069
257,Westport,41.1415,-73.3579,60.57,63,90,3.0,US,1635106894
258,Kaitangata,-46.2817,169.8464,53.8,85,100,0.25,NZ,1635107070
259,Maniitsoq,65.4167,-52.9,27.09,58,11,7.58,GL,1635107070
260,Kingsville,27.5159,-97.8561,93.29,57,40,3.0,US,1635107071
261,Okhotsk,59.3833,143.3,17.15,82,27,8.59,RU,1635107071
262,Darapidap,17.2131,120.4114,76.98,80,100,3.76,PH,1635107071
263,Vostok,46.4856,135.8833,30.99,75,0,5.12,RU,1635107072
264,Tazovsky,67.4667,78.7,27.95,96,99,16.31,RU,1635107072
265,Asău,46.4333,26.4,38.95,72,7,0.89,RO,1635107073
266,Mubende,0.5606,31.39,61.84,96,33,0.65,UG,1635107073
267,Pakruojis,55.9667,23.8667,39.99,88,56,8.01,LT,1635107074
268,Hofn,64.2539,-15.2082,42.37,87,100,16.55,IS,1635107074
269,Lotofaga,-13.9764,-171.8578,80.38,73,48,15.97,WS,1635107075
270,Dubrovnik,42.6481,18.0922,60.44,36,0,12.66,HR,1635107075
271,Makkah al Mukarramah,21.4267,39.8261,81.07,61,1,1.77,SA,1635107075
272,Muscat,23.6139,58.5922,84.22,59,14,7.14,OM,1635107076
273,Mount Gambier,-37.8333,140.7667,46.31,87,90,4.61,AU,1635107076
274,Pombia,45.653,8.6336,55.42,83,0,4.61,IT,1635107077
275,Tvedestrand,58.622,8.9315,53.51,83,100,17.11,NO,1635107077
276,Thompson,55.7435,-97.8558,32.16,80,90,4.61,CA,1635107078
277,Minna,9.6139,6.5569,82.11,83,0,2.3,NG,1635107025
278,Aykhal,66.0,111.5,15.49,100,100,4.83,RU,1635107078
279,Ippy,6.2679,21.2247,70.66,95,100,6.6,CF,1635107079
280,Muros,42.7762,-9.0603,60.1,89,54,2.91,ES,1635106873
281,East London,-33.0153,27.9116,63.23,62,97,12.64,ZA,1635107079
282,Lavrentiya,65.5833,-171.0,21.88,84,100,10.04,RU,1635107080
283,Souillac,-20.5167,57.5167,74.35,78,40,11.5,MU,1635107080
284,Margate,51.3813,1.3862,56.97,82,87,1.99,GB,1635107081
285,Naze,28.3667,129.4833,70.14,79,63,12.55,JP,1635107081
286,Esil,51.9556,66.4042,46.92,47,66,14.94,KZ,1635107082
287,Kavaratti,10.5669,72.642,81.75,75,63,6.98,IN,1635107082
288,Kieta,-6.2167,155.6333,79.23,79,82,0.49,PG,1635106859
289,Troitsko-Pechorsk,62.7084,56.1964,24.62,96,100,3.09,RU,1635107083
290,Verkhnyaya Syrovatka,50.829,34.9586,39.15,68,87,9.26,UA,1635107083
291,Inhambane,-23.865,35.3833,73.09,91,100,7.72,MZ,1635107084
292,Swan Hill,-35.3378,143.5544,39.0,83,0,7.02,AU,1635106924
293,Ngama,11.7833,17.1667,90.48,29,11,2.42,TD,1635107084
294,Hanna,51.6334,-111.9018,54.32,56,3,11.99,CA,1635107085
295,Krotovka,53.2858,51.1686,41.81,74,100,5.01,RU,1635107085
296,Sicamous,50.8331,-118.9856,56.28,56,100,4.45,CA,1635107085
297,Kisač,45.3503,19.7286,40.95,57,0,5.99,RS,1635107086
298,General Roca,-39.0333,-67.5833,79.2,23,100,37.29,AR,1635107086
299,Oistins,13.0667,-59.5333,78.89,89,40,14.97,BB,1635107050
300,Grand Forks,47.9417,-97.4337,46.33,61,75,5.75,US,1635107064
301,Victor Harbor,-35.5667,138.6167,50.0,79,41,9.4,AU,1635107087
302,Nantucket,41.2835,-70.0995,57.31,57,1,13.8,US,1635106891
303,Makakilo City,21.3469,-158.0858,77.61,76,90,5.75,US,1635107031
304,Dwārka,22.2394,68.9678,79.84,59,0,9.57,IN,1635107088
305,Myronivka,49.6601,30.9823,41.85,65,100,9.75,UA,1635107088
306,Beringovskiy,63.05,179.3167,7.75,87,52,7.18,RU,1635107035
307,Adeje,28.1227,-16.726,71.02,67,75,12.66,ES,1635107089
308,Sioux Lookout,50.1001,-91.917,39.58,70,75,5.75,CA,1635107089
309,Verāval,20.9,70.3667,79.2,68,0,5.32,IN,1635106866
310,Malpe,13.35,74.7167,76.3,91,69,3.49,IN,1635107090
311,Mehamn,71.0357,27.8492,30.11,68,77,6.98,NO,1635107090
312,Kismayo,-0.3582,42.5454,78.82,83,75,13.29,SO,1635107091
313,Azovo,54.6997,73.0237,47.95,55,94,17.45,RU,1635107091
314,Surdulica,42.6906,22.1708,42.69,76,0,4.29,RS,1635107092
315,Alofi,-19.0595,-169.9187,78.69,61,75,17.27,NU,1635107030
316,Libertador General San Martín,-23.8064,-64.7876,87.98,24,1,8.75,AR,1635107092
317,Kautokeino,69.0125,23.0412,15.08,95,100,1.81,NO,1635107093
318,Sheltozero,61.3667,35.3667,30.45,72,51,7.36,RU,1635107093
319,Karpogory,64.0019,44.4451,24.48,94,48,8.48,RU,1635107094
320,Amboasary,-25.0333,46.3833,75.04,92,10,4.27,MG,1635107094
321,Dzilam González,21.2833,-88.9333,91.51,51,100,3.31,MX,1635107095
322,Mayor Pablo Lagerenza,-19.9309,-60.7718,90.07,16,3,10.85,PY,1635107095
323,Visby,57.6409,18.296,49.86,81,0,13.8,SE,1635107095
324,Tupanciretã,-29.0806,-53.8358,64.58,62,0,7.99,BR,1635107096
325,Chissamba,-12.1667,17.3333,66.69,89,100,1.99,AO,1635107096
326,Praia da Vitória,38.7333,-27.0667,66.76,77,20,11.56,PT,1635107097
327,Bambanglipuro,-7.95,110.2833,77.65,82,100,4.12,ID,1635107098
328,Jos,9.9167,8.9,69.67,57,78,3.62,NG,1635107098
329,Karratha,-20.7377,116.8463,75.38,60,6,12.75,AU,1635107098
330,Kiruna,67.8557,20.2251,14.92,92,90,3.44,SE,1635107099
331,Concepción del Oro,24.6333,-101.4167,74.43,21,17,4.38,MX,1635107100
332,Sohbatpur,28.5202,68.5434,76.15,37,3,12.57,PK,1635107100
333,Gamba,-2.65,10.0,77.0,91,100,4.83,GA,1635107100
334,Caravelas,-17.7125,-39.2481,79.03,81,1,11.5,BR,1635107101
335,Severnyy,50.677,36.5532,39.24,70,0,8.95,RU,1635107102
336,Corn Island,12.1694,-83.0418,83.7,76,20,11.32,NI,1635107103
337,Lata,40.1629,-8.3327,58.06,73,0,1.59,PT,1635107104
338,Quatre Cocos,-20.2078,57.7625,74.08,67,80,14.47,MU,1635107105
339,Abu Dhabi,24.4667,54.3667,84.22,65,0,2.3,AE,1635107105
340,Kalat,29.0225,66.5916,48.97,60,1,4.21,PK,1635106841
341,Puerto El Triunfo,13.2833,-88.55,92.32,73,52,7.09,SV,1635107106
342,Shelburne,44.0787,-80.2041,53.11,58,76,7.38,CA,1635107107
343,Jidong,45.2167,131.0833,38.95,68,0,4.38,CN,1635107108
344,Yabrūd,33.9674,36.6574,48.52,54,0,2.55,SY,1635107108
345,Agía Galíni,35.1,24.6833,68.76,74,88,7.94,GR,1635107109
346,Ambon City,-3.6954,128.1814,80.11,78,92,2.93,ID,1635107109
347,São Lourenço da Serra,-23.8525,-46.9425,65.98,95,100,4.5,BR,1635107110
348,Mulchén,-37.7167,-72.2333,75.06,36,1,6.64,CL,1635107110
349,Assiut,27.181,31.1837,68.18,39,0,10.0,EG,1635107110
350,Cairns,-16.9167,145.7667,71.06,92,40,0.0,AU,1635107065
351,Vila Velha,-20.3297,-40.2925,80.55,78,20,19.57,BR,1635107111
352,Altay,47.8667,88.1167,30.63,59,11,4.29,CN,1635107112
353,Sechura,-5.5569,-80.8222,77.63,56,60,16.37,PE,1635107112
354,Camacupa,-12.0167,17.4833,65.07,91,100,1.72,AO,1635106870
355,Kenai,60.5544,-151.2583,46.15,86,75,4.61,US,1635107113
356,Kavieng,-2.5744,150.7967,82.31,75,78,12.37,PG,1635106931
357,Araouane,18.9048,-3.5265,90.99,20,49,10.04,ML,1635107113
358,Morondava,-20.2833,44.2833,74.64,72,0,11.01,MG,1635107114
359,Bodden Town,19.2833,-81.25,89.01,75,20,7.0,KY,1635106827
360,Katsuura,35.1333,140.3,55.51,58,84,8.12,JP,1635107114
361,Along,28.1667,94.7667,61.88,88,12,1.81,IN,1635107115
362,Khatanga,71.9667,102.5,0.25,90,84,16.78,RU,1635106855
363,Berlevåg,70.8578,29.0864,30.15,86,75,9.22,NO,1635107012
364,Arrondissement de Moulins,46.5,3.3333,46.53,79,0,2.44,FR,1635107116
365,Qandala,11.472,49.8728,81.18,64,1,6.78,SO,1635107116
366,Benito Juarez,19.385,-99.165,73.99,45,90,0.0,MX,1635107117
367,Tromsø,69.6496,18.957,31.37,80,0,4.61,NO,1635107117
368,Manaure,11.7751,-72.4445,90.79,53,46,17.11,CO,1635107118
369,Deputatsky,69.3,139.9,-0.92,98,100,1.21,RU,1635107118
370,Mayumba,-3.432,10.6554,77.25,89,100,4.45,GA,1635106978
371,Rio Claro,-22.4114,-47.5614,76.82,66,100,6.96,BR,1635106907
372,Novomykolayivka,47.9781,35.9102,44.85,74,63,8.43,UA,1635107119
373,Morgan City,29.6994,-91.2068,82.99,84,100,11.63,US,1635107120
374,Farmington,36.7281,-108.2187,67.86,29,1,0.0,US,1635106998
375,Hithadhoo,-0.6,73.0833,81.95,76,42,15.19,MV,1635106870
376,Tygda,53.1167,126.3333,33.22,89,44,2.01,RU,1635107120
377,Guerrero Negro,27.9769,-114.0611,71.33,56,1,14.03,MX,1635107121
378,Tautira,-17.7333,-149.15,73.42,90,100,17.87,PF,1635107121
379,Elko,41.0002,-115.5012,51.82,87,100,8.01,US,1635106899
380,Nsanje,-16.92,35.262,83.8,47,0,8.16,MW,1635106829
381,Gimli,50.6336,-96.9907,43.43,70,7,4.61,CA,1635107122
382,Chegdomyn,51.1167,133.0167,26.01,97,4,2.15,RU,1635107123
383,Kankakee,41.15,-87.8667,51.91,98,90,13.8,US,1635107123
384,Nanzhou,29.3596,112.4024,54.23,63,29,2.33,CN,1635107124
385,Chernyshevskiy,63.0128,112.4714,31.57,98,100,8.14,RU,1635107124
386,Maceió,-9.6658,-35.7353,83.64,74,0,8.05,BR,1635107125
387,Marsh Harbour,26.5412,-77.0636,81.95,72,100,10.16,BS,1635107125
388,Manzhouli,49.6,117.4333,34.43,63,100,5.17,CN,1635107125
389,Dingle,10.9995,122.6711,75.24,93,97,3.18,PH,1635107126
390,Channel-Port aux Basques,47.5702,-59.1367,51.03,92,100,31.07,CA,1635106983
391,Susanville,40.4163,-120.653,50.83,88,100,8.99,US,1635107126
392,Umluj,25.0213,37.2685,77.45,67,0,7.85,SA,1635107127
393,Lere,10.387,8.5726,74.3,53,37,5.26,NG,1635107127
394,Kurumkan,54.3,110.3,33.17,85,100,3.36,RU,1635107128
395,Saint-Félicien,48.6501,-72.4491,48.88,46,75,9.22,CA,1635107128
396,Dunedin,-45.8742,170.5036,53.55,89,85,2.66,NZ,1635106998
397,Lompoc,34.6391,-120.4579,74.7,64,90,11.5,US,1635106846
398,Coyhaique,-45.5752,-72.0662,48.15,81,90,9.22,CL,1635106982
399,Aldan,58.6031,125.3894,30.25,84,100,11.45,RU,1635107129
400,Brigantine,39.4101,-74.3646,64.2,61,40,6.91,US,1635106911
401,Corinth,37.9407,22.9573,64.89,84,100,7.52,GR,1635107072
402,Alyangula,-13.8483,136.4192,73.27,100,42,3.44,AU,1635107130
403,Al Bardīyah,31.7561,25.0865,72.16,62,94,8.55,LY,1635107131
404,Sonoita,31.85,-112.8333,84.52,28,1,17.83,MX,1635107131
405,Igra,57.5558,53.0547,36.77,90,100,7.61,RU,1635107132
406,Aden,12.7794,45.0367,83.84,63,0,7.07,YE,1635107132
407,Iqaluit,63.7506,-68.5145,31.73,86,90,5.99,CA,1635106900
408,Leesburg,39.1157,-77.5636,73.15,61,1,5.99,US,1635107054
409,Peto,20.1333,-88.9167,92.66,47,68,6.67,MX,1635107133
410,Synya,65.3718,58.0387,23.54,98,100,3.02,RU,1635107133
411,Bowen,-20.0167,148.2333,75.22,76,13,1.48,AU,1635107027
412,Mahibadhoo,3.7833,72.9667,82.74,72,20,16.2,MV,1635107134
413,Graaff-Reinet,-32.2522,24.5308,52.92,73,0,4.18,ZA,1635107134
414,Yangi Marg`ilon,40.4272,71.7189,44.02,56,0,9.22,UZ,1635107135
415,Ballina,-28.8667,153.5667,67.96,89,75,5.75,AU,1635107135
416,Caluquembe,-13.7833,14.6833,63.75,85,21,6.49,AO,1635107136
417,Gambēla,8.25,34.5833,80.74,53,78,3.6,ET,1635107136
418,Lālsot,26.5667,76.3333,72.27,52,55,2.91,IN,1635107137
419,Aiquile,-18.2041,-65.1807,55.94,63,100,9.57,BO,1635107137
420,Monster,52.0258,4.175,51.94,84,19,3.0,NL,1635107138
421,Petropavlovsk-Kamchatskiy,53.0452,158.6483,19.99,79,0,8.95,RU,1635106843
422,Plaster Rock,46.9065,-67.39,46.6,61,98,12.68,CA,1635107138
423,Arman',59.7,150.1667,22.55,66,100,1.34,RU,1635107139
424,Yarensk,62.1675,49.0916,29.53,84,100,6.8,RU,1635107139
425,Mankato,44.1636,-93.9994,49.48,69,40,14.97,US,1635107015
426,Severo-Kuril'sk,50.6789,156.125,38.48,77,29,16.49,RU,1635107140
427,Mutoko,-17.397,32.2268,77.13,43,89,10.76,ZW,1635107140
428,Key West,24.5557,-81.7826,87.8,72,40,9.22,US,1635107097
429,East Wenatchee Bench,47.4257,-120.2812,52.34,95,90,5.75,US,1635107141
430,Palm Coast,29.585,-81.2078,84.0,68,100,3.0,US,1635107142
431,Tak Bai,6.2595,102.0546,76.98,89,91,3.2,TH,1635107142
432,Sinnamary,5.3833,-52.95,79.21,90,100,10.89,GF,1635107142
433,Lüderitz,-26.6481,15.1594,60.75,64,0,13.18,NA,1635107143
434,Karachi,24.9056,67.0822,73.22,46,0,4.61,PK,1635106973
435,Alingsås,57.9303,12.5335,49.64,87,100,10.92,SE,1635107144
436,Siirt,37.9326,41.9403,57.51,24,0,1.86,TR,1635106994
437,Saurimo,-9.6608,20.3916,68.29,90,100,7.27,AO,1635107144
438,Waddān,29.1614,16.139,82.08,20,100,2.53,LY,1635107145
439,Gazojak,41.1875,61.4036,52.66,24,23,4.25,TM,1635107145
440,Rio Grande,-32.035,-52.0986,75.31,50,0,5.39,BR,1635107146
441,Chapais,49.7834,-74.8492,42.58,55,97,6.6,CA,1635107146
442,Fukuechō,32.6881,128.8419,62.38,55,100,4.03,JP,1635107146
443,Batangafo,7.3008,18.2833,75.99,84,100,2.3,CF,1635107147
444,Kukshi,22.2,74.75,74.35,61,0,2.06,IN,1635107147
445,Belmonte,-15.8631,-38.8828,79.3,81,26,9.75,BR,1635107148
446,Huarmey,-10.0681,-78.1522,69.13,71,4,10.85,PE,1635106981
447,Médéa,36.2642,2.7539,50.45,86,2,2.98,DZ,1635107148
448,Plettenberg Bay,-34.0527,23.3716,55.22,73,0,4.09,ZA,1635107149
449,Ust'-Omchug,61.15,149.6333,7.9,97,100,3.06,RU,1635107149
450,Adrar,20.5022,-10.0711,86.31,21,22,6.91,MR,1635107150
451,Okha,53.5739,142.9478,33.1,91,69,10.31,RU,1635107150
452,Olivenza,38.6832,-7.103,68.2,38,2,2.95,ES,1635107151
453,Broome,42.2506,-75.833,55.38,77,90,1.01,US,1635107151
454,Namangan,40.9983,71.6726,45.05,61,0,6.91,UZ,1635107152
455,Kavalerovo,44.2661,135.0572,35.26,66,0,3.42,RU,1635107152
456,Gunjur,13.2019,-16.7339,82.47,89,40,5.75,GM,1635107153
457,Begoro,6.3871,-0.3774,71.53,95,100,3.29,GH,1635107153
458,Cassilândia,-19.1133,-51.7342,68.2,88,100,5.03,BR,1635107153
459,Northam,51.0333,-4.2167,58.08,90,6,13.31,GB,1635107150
460,Kawalu,-7.3817,108.2082,73.56,96,96,2.68,ID,1635106912
461,Balabac,7.9868,117.0645,80.78,81,100,11.9,PH,1635107155
462,Bom Jesus da Lapa,-13.255,-43.4181,88.88,44,100,1.39,BR,1635107155
463,Copiapó,-27.3667,-70.3333,60.49,24,0,8.79,CL,1635107134
464,Latung,5.5,120.8833,81.75,75,50,4.68,PH,1635107156
465,Grindavik,63.8424,-22.4338,46.87,93,90,3.44,IS,1635107156
466,Tamale,9.4008,-0.8393,79.83,72,65,5.61,GH,1635107156
467,Codrington,-38.2667,141.9667,50.34,61,100,9.6,AU,1635107157
468,Sines Municipality,37.9562,-8.8698,60.3,88,97,3.0,PT,1635107157
469,Juegang,32.3174,121.1855,59.92,74,0,6.51,CN,1635107158
470,Holme,56.1138,10.1725,46.29,86,58,10.87,DK,1635107158
471,Eyrarbakki,63.863,-21.1481,46.45,86,100,6.62,IS,1635107158
472,Boende,-0.2167,20.8667,71.06,99,100,3.44,CD,1635107159
473,Mount Isa,-20.7333,139.5,74.97,64,92,5.75,AU,1635107159
474,Syas'stroy,60.1367,32.5691,32.94,76,86,7.67,RU,1635107160
475,Sabzawār,36.2126,57.6819,58.26,18,74,4.36,IR,1635107160
476,Stoke-on-Trent,53.0042,-2.1854,54.68,97,21,1.01,GB,1635107161
477,Ngara,-2.5122,30.6558,61.39,74,86,1.39,TZ,1635107161
478,Aklavik,68.2191,-135.0107,23.72,92,96,2.21,CA,1635106973
479,Narsaq,60.9167,-46.05,32.22,53,100,6.04,GL,1635107162
480,Otradnoye,59.7775,30.8181,34.03,84,82,4.45,RU,1635107163
481,Leshukonskoye,64.8989,45.7622,24.06,89,13,8.1,RU,1635107163
482,Casa Nova,-9.4167,-41.1333,91.38,57,95,9.75,BR,1635107010
483,Brae,60.3964,-1.353,53.51,94,99,9.66,GB,1635107164
484,Seoul,37.5683,126.9778,47.64,100,54,3.44,KR,1635106867
485,Evensk,61.95,159.2333,5.2,79,48,4.99,RU,1635107164
486,Buala,-8.145,159.5921,80.47,80,12,1.36,SB,1635107165
487,La Rioja,42.25,-2.5,47.48,49,0,5.82,ES,1635106958
488,Avera,33.194,-82.5271,80.71,37,89,5.68,US,1635106890
489,São José da Coroa Grande,-8.8978,-35.1478,79.39,70,91,9.78,BR,1635106971
490,Itamaraju,-17.0392,-39.5311,81.84,69,35,10.02,BR,1635107031
491,Bereda,43.2686,-7.5406,55.99,100,5,1.7,ES,1635107166
492,Payo,-3.7508,103.6372,72.21,99,100,2.06,ID,1635107167
493,Yerbogachën,61.2767,108.0108,34.41,98,100,9.31,RU,1635107167
494,Orapa,-21.2833,25.3667,80.13,32,1,16.4,BW,1635107168
495,Erdenet,49.0333,104.0833,31.75,52,3,4.07,MN,1635107168
496,Bosaso,11.2842,49.1816,80.06,64,1,4.07,SO,1635107168
497,Ternate,0.8,127.4,79.57,81,19,4.92,ID,1635107169
498,América Dourada,-11.4553,-41.4361,77.81,76,97,2.62,BR,1635107169
499,Bathsheba,13.2167,-59.5167,79.41,89,40,14.97,BB,1635107170
500,Esso,55.9333,158.7,16.02,95,92,5.03,RU,1635107170
501,Padang,-0.9492,100.3543,75.81,93,100,2.48,ID,1635107170
502,Chumikan,54.7183,135.315,35.67,84,96,15.86,RU,1635107171
503,Mapiripán,2.8892,-72.1256,82.2,80,100,5.68,CO,1635107172
504,Laas,46.6166,10.7002,41.88,49,16,2.15,IT,1635107005
505,Benghazi,32.1167,20.0667,78.96,40,98,15.21,LY,1635107172
506,San Cristobal,7.7669,-72.225,73.58,49,89,3.71,VE,1635107173
507,Sittwe,20.15,92.9,76.55,76,93,4.21,MM,1635106928
508,Vao,-22.6667,167.4833,70.48,69,51,11.16,NC,1635107034
509,Urengoy,65.9667,78.3667,25.97,87,100,21.79,RU,1635107174
510,Leningradskiy,69.3833,178.4167,8.49,94,100,6.55,RU,1635106913
511,Grafton,42.207,-71.6856,58.82,47,1,1.99,US,1635107175
512,Tlaltenango,19.1667,-98.3333,75.7,46,75,5.75,MX,1635107175
513,Merghindeal,45.9667,24.7333,33.62,63,1,1.3,RO,1635107175
514,Muroto-misakicho,33.2833,134.15,62.69,75,100,13.89,JP,1635107176
515,Santa Cruz de la Sierra,-17.8,-63.1667,80.65,44,75,9.22,BO,1635106991
516,Nouadhibou,20.931,-17.0347,71.58,68,55,14.97,MR,1635107176
517,Soure,-0.7167,-48.5233,83.82,73,5,11.14,BR,1635107177
518,Lebowakgomo,-24.2,29.5,59.9,76,4,8.3,ZA,1635107177
519,Nara,34.6851,135.8049,60.91,67,100,3.85,JP,1635107178
520,Rettikhovka,44.1683,132.7669,38.98,71,0,3.29,RU,1635107178
521,Passos,-20.7189,-46.6097,74.34,68,100,5.66,BR,1635107178
522,Gobabis,-22.45,18.9667,70.88,12,0,3.0,NA,1635107179
523,Bonthe,7.5264,-12.505,79.16,82,100,6.78,SL,1635106950
524,Lázaro Cárdenas,17.9583,-102.2,77.56,91,100,5.64,MX,1635107179
525,Raja,8.4596,25.678,74.23,78,3,1.95,SS,1635107180
526,Ploemeur,47.7333,-3.4333,57.81,97,75,4.61,FR,1635107180
527,Medina del Campo,41.3124,-4.9141,53.2,43,0,3.8,ES,1635107181
528,Port Hardy,50.6996,-127.4199,53.78,71,75,20.71,CA,1635107039
529,Sirte,31.2089,16.5887,76.1,63,78,12.91,LY,1635107181
530,Kiambu,-1.1667,36.8333,69.39,60,75,19.57,KE,1635107182
531,Barra de Tecoanapa,16.5167,-98.75,84.29,69,92,9.57,MX,1635107182
532,Preobrazheniye,42.9019,133.9064,45.82,60,0,6.49,RU,1635107183
533,Obregon,11.9566,-85.9636,88.27,69,65,7.07,NI,1635107183
534,Norashen,39.9996,44.5895,51.33,23,30,4.12,AM,1635107183
535,Nizhnyaya Omka,55.4338,74.9426,49.19,74,100,17.36,RU,1635107184
536,Ahipara,-35.1667,173.1667,61.77,85,26,2.59,NZ,1635107184
537,Srandakan,-7.9386,110.2506,78.31,82,86,5.28,ID,1635107185
538,Porto Nacional,-10.7081,-48.4172,82.4,74,100,9.6,BR,1635107185
539,Teya,60.3778,92.6267,36.63,87,100,10.42,RU,1635107185
540,Jinchang,38.4953,102.1739,45.48,42,92,4.88,CN,1635107186
541,Hualmay,-11.0964,-77.6139,67.93,71,15,10.76,PE,1635107186
542,Haines Junction,60.7522,-137.5108,30.15,86,11,1.14,CA,1635107187
543,Qaqortoq,60.7167,-46.0333,32.5,58,100,5.37,GL,1635107181
544,Pānsemāl,21.65,74.7,73.33,64,3,1.83,IN,1635107187
545,Esim,4.8699,-2.2405,78.06,86,75,7.2,GH,1635107188
546,Mnogovershinnyy,53.9353,139.9242,29.21,88,82,4.7,RU,1635107188
547,Khasan,42.4308,130.6434,46.33,63,0,4.79,RU,1635107188
548,Taoudenni,22.6783,-3.9836,89.35,16,19,10.45,ML,1635107189
549,Bonavista,48.6499,-53.1147,57.11,90,82,19.73,CA,1635107106
550,Prachuap Khiri Khan,12.2167,99.75,72.03,95,100,2.39,TH,1635107016
551,Barcelos,41.5388,-8.6151,62.85,74,93,2.17,PT,1635107015
552,Korgen,66.0771,13.8153,48.02,100,100,6.08,NO,1635107190
553,Normandin,48.8333,-72.5321,48.51,54,99,10.36,CA,1635107190
554,Manokwari,-0.8667,134.0833,77.36,77,100,3.38,ID,1635107191
555,Pangai,-19.8,-174.35,78.91,53,40,16.11,TO,1635107191
556,Dzhebariki-Khaya,62.2167,135.8,27.37,98,100,4.07,RU,1635107192
557,Rognac,43.4876,5.2339,64.58,70,0,5.75,FR,1635107192
558,La Palma,33.8464,-118.0467,76.12,65,40,3.0,US,1635107192
559,Ocós,14.5094,-92.1933,88.32,74,99,8.81,GT,1635107193
560,Chebenki,51.9337,55.7077,40.75,84,100,5.82,RU,1635107193
561,Brookhaven,31.5791,-90.4407,81.25,86,100,10.89,US,1635107194
562,Chiquimula,14.8,-89.55,93.74,38,90,6.91,GT,1635107194
563,Aswān,24.0934,32.907,76.3,27,0,9.22,EG,1635107056
564,Kingsport,36.5484,-82.5618,79.03,41,40,3.0,US,1635107195
565,Bukachacha,52.9833,116.9167,29.68,87,14,2.08,RU,1635107195
566,Havelock,34.8791,-76.9013,79.03,71,93,1.01,US,1635107196
567,Ilulissat,69.2167,-51.1,21.22,58,75,17.27,GL,1635107196
568,Bayan,46.0833,127.4,40.41,76,21,6.55,CN,1635107196
569,Nishihara,26.1842,127.7558,72.68,89,75,0.0,JP,1635107197
570,Simao,22.7886,100.9748,60.57,98,100,2.3,CN,1635107197
571,Neyshabur,36.2133,58.7958,55.8,21,87,4.14,IR,1635107198
572,Sangar,63.9242,127.4739,20.16,96,100,6.93,RU,1635107198
573,Boca do Acre,-8.7522,-67.3978,94.95,40,95,5.55,BR,1635107198
574,Pedersore,63.65,22.6833,36.0,96,100,1.01,FI,1635107199
575,Christchurch,-43.5333,172.6333,59.02,87,90,3.0,NZ,1635107147
576,Enköping,59.6361,17.0777,51.66,83,100,15.95,SE,1635107199
577,Manoel Urbano,-8.8389,-69.2597,93.97,44,100,2.8,BR,1635107200
578,Alcains,39.9164,-7.4566,57.34,53,0,3.29,PT,1635107201
579,Wewak,-3.5534,143.6268,78.67,84,100,3.62,PG,1635107201
580,Phalaborwa,-23.943,31.1411,67.28,65,99,15.73,ZA,1635106994
